0xddAAb647Bd7a3CFc77b3aB9592dc03929fCf29B9,0
0xb7bCEbD47E00cED9Caf7430A16EBFAc8Ec074380,0
0xC835bd6D29642E687a9ac024788ff94419aA57c9,53
0x6321286F9B73f427C72e1f9F1bC6b3d25eF06605,17132899940
0x33B954d02d03d56fE90D87c86eb464adE41564Ca,19999999999979410161918
0x08cA7278A60907ddfAE6f663f4cd3445fED9cB66,0
0x79B58d333e77c01256A2D14f63E18f398068Cbcb,0
0x5367a6d4F5991327Bb20466684790e394bE000dE,0
0x3D78d7dE894323fbBA341D7f31a19a555C43e3bF,0
0x3B920A66f1d0Bd10f8845Fb24cca06044B6113bD,73056
0xDAba6e01D15Db560b88C8F426b016801f79e1F69,0
0x4709ebf314c6492d57F4c6D4f57357D5b2bb074E,761
0x3965d420CdE24fE00f742Cb31257ca90e04556A7,3456864272
